{
  "$schema": "./node_modules/@stryker-mutator/core/schema/stryker-schema.json",
  "_comment": "This config was generated using 'stryker init'. Please take a look at: https://stryker-mutator.io/docs/stryker-js/configuration/ for more information",
  "packageManager": "npm",
  "reporters": [
    "html",
    "clear-text",
    "json",
    "progress"
  ],
  "tempDirName": "strykerTmp",
  "checkers": ["typescript"],
  "tsconfigFile": "tsconfig.json",
  "testRunner": "jest",
  "coverageAnalysis": "perTest",
  "timeoutFactor": 5,
  "timeoutMS": 15000,
  "mutate": [
    "src/lib/CoveyTownController.ts:123-126", 
    "src/lib/CoveyTownController.ts:140-156",
    "src/lib/CoveyTownController.ts:168-175",
    "src/lib/CoveyTownController.ts:191-210",
    "src/lib/CoveyTownController.ts:219-225",
    "src/types/Player.ts:56-65",
    "src/requestHandlers/CoveyTownRequestHandlers.ts:184-199",
    "src/router/towns.ts:112-127"
  ]
}